milestone_order,milestone_name,phase_group,core_reading,status,why_it_matters
1,Repair-state structure derived,Early engine build,A repair-oriented state map was established inside the remyelination wedge,closed_foundational_layer,This created the first internal basis for distinguishing more repair-compatible from less repair-compatible regions of the state space
2,Dominant repair-compatible basin identified,Controller refinement,A dominant repair-compatible basin was identified as the strongest current internal repair-oriented reference,closed_core_system_layer,This gave the project a stable internal anchor for state quality and later intervention-facing logic
3,Intermediate and frontier structure formalized,Controller refinement,The system moved beyond a binary repair-vs-failure map and formalized review-like and boundary/frontier structure,closed_core_system_layer,This made the state landscape more realistic and prevented naive interpretation of all movement as equally meaningful
4,Minimal control architecture extracted,Controller refinement,The project derived a minimal push-anchor-support architecture: Tspan2 push Ptprd anchor Aspa support,closed_core_system_layer,This shifted the project from marker description toward explicit control logic
5,Controller and rerouter family formalized,Controller refinement,A real rescue-vs-precision tradeoff was identified and formalized rather than hidden behind a fake single optimum,closed_core_system_layer,This made the system more honest and more operationally useful
6,Integrated stack family built,Controller refinement,The project now includes default_safe_stack balanced_analysis_stack boundary_probe_stack and maximum_rescue_probe_stack,closed_core_system_layer,This created a disciplined multi-mode operating system instead of one oversimplified policy
7,Biology-facing interpretation re-entered,Biology and system interpretation,The controller and stack logic were brought back into a biology-facing reading,closed_interpretation_layer,This strengthened the scientific coherence of the system and linked formal structure to biological interpretation
8,First meaningful external validation achieved,External validation,Dataset B provided promising first-pass external support and Dataset C provided supportive mixed triangulation,closed_external_validation_first_version,This moved the project beyond an internal sandbox and gave the architecture a first serious external support layer
9,Intervention-facing layer built,Intervention translation,The project now includes four intervention-facing programs derived from the architecture and state structure,closed_intervention_translation_layer,This shifted the project from interpretation alone toward organized intervention logic
10,Validation-preparation ladder built,Validation preparation,The system now includes a ranked order for what should be tested first and how signal should be interpreted,closed_validation_prep_layer,This created an execution-facing layer rather than stopping at descriptive or conceptual outputs
11,Platform thesis formalized,Platform and founder layer,The wedge remains remyelination but the project now reads as a first computational wedge into neural state control,closed_platform_thesis_layer,This made the broader wedge-to-platform logic explicit without overclaiming full neural state control
12,External-facing packaging completed,Packaging and externalization,The project now includes reviewer-facing founder-facing application-tailored and Thiel-specific packaging,closed_externalization_layer,This made the project legible and presentable across serious external audiences
13,Phase closure reached,Phase closure,The current phase was formally closed as v1_strategically_complete,closed_phase_snapshot,This marked the project as coherent enough to use present and build from rather than endlessly polish
14,Current next phase identified,Forward direction,The next real phase is experimental_validation_design,active_next_phase,This defines the highest-value future direction and keeps the project focused on real progression rather than narrative drift
